jamon,score,v1,v2,v3
29,9.002484480170924,2383,59,1857
30,3.167274955298007,1598,61,2696
31,13.576960640218246,2883,67,1865
32,7.390965335602871,2898,56,2822
33,8.039712344380465,2877,44,1553
34,3.2204627830204036,1966,55,2683
35,5.047018348409061,1786,66,2823
36,11.02184266666545,2813,63,2199
37,8.259230377807757,2882,52,2187
38,9.55558353829067,2859,49,1498
39,10.046617129684002,2334,64,1902
